{

    "PressToOpen": "Press [~e~Space~q~] to access the store", // Menu title
    "PressGuide": "Rotate <-[A] [D]-> | Cameras [W] or [S]",
    "TitleMenuOutfitsUseBtn": "Wear Outfit",
    "TitleMenuOutfitsDeleteBtn": "Delete Outfit",

    "TitleMenuClothes": "Dressing room", // Menu title
    "SubTitleMenuClothes": "Dress up your character", // Menu description

    "NoExistValue": "Does not exist", // The option it gives when there is no option

    "NoMoney": "You do not have enough money",
    "SuccessfulBuy": "You have been charged", // Shows how much money you have paid

    "TitleMenuOutfits": "Outfits",
    "SubTitleMenuOutfits": "Wear again your saved clothes",

    "PlaceHolderNewOutfit": "If you want to save the outfit, name it and save it",
    "ButtonNewOutfit": "Save Outfit",


    "MaskValue": "Face Mask #",
    "HatsValue": "Hat #", // The options of the hats section
    "GlassesValue": "Glasses #", // The options of the glasses section
    "NeckwearValue": "Garment #", // The options of the neckwear section
    "TiesValue": "Tie #", // The options of the ties section
    "ShirtsValue": "Shirt #", // The options of the shirts section
    "SuspendersValue": "Suspenders #", // The options of the suspenders section
    "VestsValue": "Vest #", // The options of the vests section
    "CoatsValue": "Coat #", // The options of the coats section
    "PonchosValue": "Poncho #", // The options of the ponchos section
    "CloaksValue": "Cap #", // The options of the cloaks section
    "GlovesValue": "Gloves #", // The options of the gloves section
    "RingsValue": "Ring #", // The options of the rings section
    "BraceletsValue": "Bracelet #", // The options of the bracelets section
    "HolstersValue": "Holster #", // The options of the holsters section
    "BeltsValue": "Belt #", // The options of the belts section
    "BucklesValue": "Buckle #", // The options of the buckles section
    "PantsValue": "Pants #", // The options of the pants section
    "SkirtsValue": "Falda #", // The options of the skirts section
    "ChapsValue": "Chaps #", // The options of the chaps section
    "BootsValue": "Boots #", // The options of the boots section
    "SpursValue": "Spurs #", // The options of the spurs section
    "NoHatsValue": "Without a Hat", // The option it gives when you do not wear a hat
    "NoGlassesValue": "Without Glasses", // The option it gives when you do not wear glasses
    "NoNeckwearValue": "Without Neckwear", // The option it gives when you do not wear neckwear
    "NoTiesValue": "Without a Tie", // The option it gives when you do not wear a tie
    "NoShirtsValue": "Without a Shirt", // The option it gives when you do not wear a shirt
    "NoSuspendersValue": "Without Suspenders", // The option it gives when you do not wear suspenders
    "NoVestsValue": "Without a Vest", // The option it gives when you do not wear a vest
    "NoCoatsValue": "Without a Coat", // The option it gives when you do not wear a coat
    "NoPonchosValue": "Without a Poncho", // The option it gives when you do not wear a poncho
    "NoCloaksValue": "Without a Cloak", // The option it gives when you do not wear a cloak
    "NoGlovesValue": "Without Gloves", // The option it gives when you do not wear gloves
    "NoRingsValue": "Without a Ring", // The option it gives when you do not wear a ring
    "NoBraceletsValue": "Without a Bracelet", // The option it gives when you do not wear a bracelet
    "NoHolstersValue": "Without a Holster", // The option it gives when you do not wear a holster
    "NoBeltsValue": "Without a Belt", // The option it gives when you do not wear a belt
    "NoBucklesValue": "Without a Buckle", // The option it gives when you do not wear a buckle
    "NoPantsValue": "Without Pants", // The option it gives when you do not wear pants
    "NoSkirtsValue": "Without a Skirt", // The option it gives when you do not wear a skirt
    "NoChapsValue": "Without Chaps", // The option it gives when you do not wear chaps
    "NoBootsValue": "Without Boots", // The option it gives when you do not wear boots
    "NoSpursValue": "Without Spurs", // The option it gives when you do not wear spurs
    "NoMaskValue": "Without Face Mask", // The option it gives when you do not wear a face mask

    "Hats": "Hats",
    "Glasses": "Glasses",
    "Masks": "Face Masks",
    "Neckwear": "Neckwear",
    "Ties": "Ties",
    "Shirts": "Shirts",
    "Suspenders": "Suspenders",
    "Vests": "Vests",
    "Coats": "Coats",
    "CoatsClosed": "Closed coats",
    "Ponchos": "Ponchos",
    "Cloaks": "Cloaks",
    "Gloves": "Gloves",
    "RightRings": "Right hand rings",
    "LeftRings": "Left hand rings",
    "Bracelets": "Bracelets",
    "PrimaryHolsters": "Primary holsters",
    "Belts": "Belts",
    "Buckles": "Buckles",
    "SecondaryHolsters": "Secondary holsters",
    "Pants": "Pants",
    "Skirts": "Skirts",
    "Chaps": "Chaps",
    "Boots": "Boots",
    "Spurs": "Spurs",

    "Finish": "Dress up character", // Confirms the options of the Menu

    //Descriptions of the clothing Menu sections
    "HatsDesc": "Choose the hat",
    "GlassesDesc": "Choose the glasses",
    "MasksDesc": "Choose if you want to wear a face mask",
    "NeckwearDesc": "Choose the neckwear",
    "TiesDesc": "Choose the tie",
    "ShirtsDesc": "Choose the shirt",
    "SuspendersDesc": "Choose the suspenders",
    "VestsDesc": "Choose the vest",
    "CoatsDesc": "Choose the coat",
    "PonchosDesc": "Choose the poncho",
    "CloaksDesc": "Choose the cloak",
    "GlovesDesc": "Choose the gloves",
    "RightRingsDesc": "Choose the right hand rings",
    "LeftRingsDesc": "Choose the left hand rings",
    "BraceletsDesc": "Choose the bracelet",
    "PrimaryHolstersDesc": "Choose the primary holster",
    "BeltsDesc": "Choose the belt",
    "BucklesDesc": "Choose the buckle",
    "SecondaryHolstersDesc": "Choose the secondary holster",
    "PantsDesc": "Choose the pants",
    "SkirtsDesc": "Choose the skirt",
    "ChapsDesc": "Choose the chaps",
    "BootsDesc": "Choose the boots",
    "SpursDesc": "Choose the spurs",
    "FinishDesc": "Make sure you have chosen everything correctly."
}
